{
    "insert": {
        "invoke": {
            "succ": 1000,
            "fail": 0,
            "send_rate": "273.15",
            "max_delay": "2.634",
            "min_delay": "0.086",
            "pa95_delay": "1.882",
            "pa99_delay": "2.379",
            "avg_delay": "1.026",
            "thruput": "266.52"
        },
        "overall": {
            "succ": 1000,
            "fail": 0,
            "send_rate": "273.15",
            "max_delay": "2.634",
            "min_delay": "0.086",
            "pa95_delay": "1.882",
            "pa99_delay": "2.379",
            "avg_delay": "1.026",
            "thruput": "266.52"
        },
        "detail": {
            "succ": 1000,
            "s2e": "0.391",
            "e2o": "0.295",
            "o2f": "0.339",
            "sum": "1.026"
        },
        "blk_num": 22
    }
}