{
   "blockchain": {
        "type": "fabric"
  },
  "contracts": [{"id": "smallbank", "path": "contract/fabric/smallbank", "language":"golang", "version": "v0"}],
  "test": {
    "name": "smallbank",
    "description" : "This is smallbank benchmark for caliper",
    "clients": {
      "type": "local",
      "number": 4
    },
    "rounds": [
      {
        "label" : "load",
        "txNumber" : [1000000],
        "rateControl" : [{"type": "fixed-rate", "opts": {"tps" : 2000}}],
        "arguments": {"txnPerBatch":1},
        "callback" : "benchmark/smallbank/load.js"
      }
    ]
  },
  "command" : {
    "start": "sleep 2",
    "end" : " sleep 2"
  }
}
