{
   "blockchain": {
        "type": "fabric"
  },
  "contracts": [{"id": "smallbank", "path": "contract/fabric/smallbank", "language":"golang", "version": "v0"}],
  "test": {
    "name": "smallbank",
    "description" : "This is smallbank benchmark for caliper",
    "clients": {
      "type": "local",
      "number": 50
    },
    "rounds": [
      {
        "label" : "load-2100-10",
        "txNumber" : [100000],
        "rateControl" : [{"type": "fixed-rate", "opts": {"tps" : 2100}}],
        "arguments": {"txnPerBatch":1},
        "callback" : "benchmark/smallbank/load.js"
      }, 
      {
        "label" : "load-2050-10",
        "txNumber" : [100000],
        "rateControl" : [{"type": "fixed-rate", "opts": {"tps" : 2050}}],
        "arguments": {"txnPerBatch":1},
        "callback" : "benchmark/smallbank/load.js"
      }, 
      {
        "label" : "load-2000-10",
        "txNumber" : [100000],
        "rateControl" : [{"type": "fixed-rate", "opts": {"tps" : 2000}}],
        "arguments": {"txnPerBatch":1},
        "callback" : "benchmark/smallbank/load.js"
      }, 
      {
        "label" : "load-1950-10",
        "txNumber" : [100000],
        "rateControl" : [{"type": "fixed-rate", "opts": {"tps" : 1950}}],
        "arguments": {"txnPerBatch":1},
        "callback" : "benchmark/smallbank/load.js"
      }, 
      {
        "label" : "load-1950-20",
        "txNumber" : [200000],
        "rateControl" : [{"type": "fixed-rate", "opts": {"tps" : 1950}}],
        "arguments": {"txnPerBatch":1},
        "callback" : "benchmark/smallbank/load.js"
      },
      {
        "label" : "load-2000-20",
        "txNumber" : [200000],
        "rateControl" : [{"type": "fixed-rate", "opts": {"tps" : 2000}}],
        "arguments": {"txnPerBatch":1},
        "callback" : "benchmark/smallbank/load.js"
      },
      {
        "label" : "load-2050-20",
        "txNumber" : [200000],
        "rateControl" : [{"type": "fixed-rate", "opts": {"tps" : 2050}}],
        "arguments": {"txnPerBatch":1},
        "callback" : "benchmark/smallbank/load.js"
      },
      {
        "label" : "load-2100-20",
        "txNumber" : [200000],
        "rateControl" : [{"type": "fixed-rate", "opts": {"tps" : 2100}}],
        "arguments": {"txnPerBatch":1},
        "callback" : "benchmark/smallbank/load.js"
      },
      {
        "label" : "load-2150-10",
        "txNumber" : [100000],
        "rateControl" : [{"type": "fixed-rate", "opts": {"tps" : 2150}}],
        "arguments": {"txnPerBatch":1},
        "callback" : "benchmark/smallbank/load.js"
      },
      {
        "label" : "load-2200-10",
        "txNumber" : [100000],
        "rateControl" : [{"type": "fixed-rate", "opts": {"tps" : 2200}}],
        "arguments": {"txnPerBatch":1},
        "callback" : "benchmark/smallbank/load.js"
      }
      
    ]
  },
  "command" : {
    "start": "sleep 2",
    "end" : " sleep 2"
  }
}
