{
   "blockchain": {
        "type": "fabric"
  },
  "command" : {
    "start": "sleep 5",
    "end" : "sleep 5"
  },
  "contracts": [{"id": "smallbank", "path": "contract/fabric/smallbank", "language":"golang", "version": "v0"}],
  "test": {
    "name": "smallbank",
    "description" : "This is smallbank benchmark for caliper",
    "clients": {
      "type": "zookeeper",
        "zoo" : {
          "server": "slave-40:2181",
          "clientsPerHost": 4
        }
    },
    "rounds": [
      {
        "label" : "load",
        "txNumber" : [10240],
        "rateControl" : [{"type": "fixed-rate", "opts": {"tps" : 512}}],
        "arguments": {"txnPerBatch":1},
        "callback" : "benchmark/smallbank/load.js"
      }
    ]
  }
}
