{
   "blockchain": {
        "type": "quorum"
  },
  "contracts": [{"name": "smallbank", "path": "src/contract/quorum/smallbank.sol"}],
  "test": {
    "name": "smallbank",
    "description" : "This is smallbank benchmark for caliper",
    "clients": {
      "type": "zookeeper",
        "zoo" : {
          "server": "slave-40:2181",
          "clientsPerHost": 4
        }
    },
    "rounds": [
      {
        "label" : "load",
        "txNumber" : [50000],
        "rateControl" : [{"type": "fixed-rate", "opts": {"tps" : 1200}}],
        "arguments": {"txnPerBatch":1},
        "callback" : "benchmark/smallbank/load.js"
      }
    ]
  },
  "command" : {
    "start": " sleep 5 ",
    "end" : " sleep 5"
  }

}
