{
   "blockchain": {
        "type": "fabric"
  },
  "contracts": [{"id": "custom", "path": "contract/fabric/custom", "language":"golang", "version": "v0", "init":["10000"]}],
  "test": {
    "name": "custom",
    "description" : "This is custom benchmark for caliper",
    "clients": {
      "type": "local",
      "number": 4
    },
    "rounds": [
      {
        "label" : "txn",
        "txDuration" : [60],
        "rateControl" : [{"type": "fixed-rate", "opts": {"tps" : 600}}],
        "arguments": {"accountNum":10000, "hotRatio": 0.01, "readNum": 4, "writeNum": 4, "readHotRatio":0.0, "writeHotRatio":0.1, "endorseSleepMS":0, "dataAccessIntervalMS": 0},
        "callback" : "benchmark/custom/txn.js"
      }      
    ]
  },
  "command" : {
    "start": "sleep 1",
    "end" : "sleep 1"
  }
}
